Ticker;Quarter;Revenue;Gross Profit;Operating Income;Basic Average Shares;Operating Cashflow;Total Debt;Current Assets;Current Liabilities;PE;PEG;Price on Report Date;Market Cap;Growth
2303.TW;30.06.2026 00:00;68732662000;22322790000;14878738000;12475080000;33697362000;54289936000;2,30E+11;1,06E+11;19,726858;1,09;164,5;2,05E+12;18,09803486
2454.TW;31.03.2026 00:00;1,49E+11;69055353000;22891206000;1592690268;-17656664000;38337165000;3,78E+11;3,10E+11;73,18084;1,64;1490;2,37E+12;44,62246341
3711.TW;30.06.2026 00:00;1,91E+11;40150000000;21134000000;4389166667;47014000000;2,96E+11;3,60E+11;3,37E+11;44,95413;0,99;680;2,98E+12;45,40821212
6758.T;30.06.2026 00:00;2,84E+12;1,04E+12;4,74E+11;5891838000;1,97E+11;1,87E+12;6,12E+12;4,92E+12;20,823282;1,69;3280;1,93E+13;12,32146864
AAPL;30.06.2026 00:00;1,09E+11;54770000000;35695000000;14656110000;34369000000;84344000000;1,50E+11;1,49E+11;36,810997;2,56;289,3599854;4,24E+12;14,3792957
ABNB;30.06.2026 00:00;3608000000;2975000000;758000000;592000000;1270000000;2496000000;25479000000;18092000000;41,033543;1,73;143,1000061;84715203611;23,71881098
ACLS;30.06.2026 00:00;215175000;91189000;20281000;30805000;18373000;41567000;979771000;200101000;38,262627;1,45;189,4499969;5836007155;26,38801862
ADBE;31.05.2026 00:00;6618000000;5903000000;2238000000;402000000;2165000000;7065000000;9068000000;12078000000;14,919091;0,7;274,0299988;1,10E+11;21,31298714
ADI;30.04.2026 00:00;3623465000;2439798000;1379680000;487605000;872041000;8684849000;7809773000;4456907000;42,963142;0,53;402,2600098;1,96E+11;81,06253208
ADSK;30.04.2026 00:00;1934000000;1759000000;571000000;211000000;893000000;2724000000;4374000000;5240000000;29,205805;0,95;237;50007000000;30,74295263
AMAT;30.04.2026 00:00;7910000000;3947000000;2523000000;794000000;845000000;7268000000;22571000000;8998000000;39,193104;0,88;394,4899902;3,13E+11;44,53761818
AMD;30.06.2026 00:00;11536000000;6203000000;1990000000;1632000000;2366000000;4276000000;31522000000;12081000000;119,50255;0,48;580,9099731;9,48E+11;248,9636458
ARM;30.06.2026 00:00;1289000000;1253000000;98000000;1066000000;902000000;464000000;6339000000;1207000000;248,98108;1,93;354,5700073;3,78E+11;129,0057409
AVGO;30.04.2026 00:00;22187000000;15415000000;10859000000;4747000000;10493000000;64907000000;42213000000;18862000000;45,328243;0,42;417,4299927;1,98E+12;107,9243881
BABA;31.03.2026 00:00;2,43E+11;83988000000;-848000000;2322375000;9410000000;2,82E+11;6,11E+11;4,76E+11;25,40724;0,52;125,4599991;2,91E+11;48,86007692
CAT;30.06.2026 00:00;20543000000;7400000000;4295000000;460400000;4371000000;45146000000;54450000000;39790000000;35,13276;1,36;1064,900024;4,90E+11;25,83291176
CDNS;30.06.2026 00:00;1584451000;1345133000;449963000;273955000;634929000;2651359000;3221893000;1848842000;59,260998;2,36;375,3200073;1,03E+11;25,11059237
CHKP;30.06.2026 00:00;673600000;574100000;185100000;102900000;169600000;1974900000;2930400000;1752600000;14,076844;1,19;131,4299927;13524146249;11,82928067
COHR;31.03.2026 00:00;1805641000;679945000;226321000;190218000;-93797000;3425115000;6445203000;2113444000;68,72839;0,92;238,2100067;45311831054;74,70477174
CRM;30.04.2026 00:00;11133000000;8563000000;2427000000;868000000;6701000000;41884000000;21613000000;27502000000;23,870705;1,07;176,5299988;1,53E+11;22,30907009
CRWD;30.04.2026 00:00;1385629000;1043352000;-30600000;1014928000;590937000;821343000;6301620000;4115862000;5413,5;6,88;111,4375;1,13E+11;786,8459302
CSCO;30.04.2026 00:00;15841000000;10080000000;3959000000;3952000000;3757000000;31303000000;36559000000;39541000000;33,22121;1,01;91,5;3,62E+11;32,89228713
DASH;30.06.2026 00:00;4454000000;2347000000;158000000;434425000;944000000;3305000000;8416000000;6152000000;115,87097;2,82;184,5299988;80164444729;41,08899645
DDOG;30.06.2026 00:00;1121454000;881341000;7465000;356253000;315873000;1277801000;6008557000;1874985000;410,35577;1,13;260,3599854;92754025879;363,1466991
DE;30.04.2026 00:00;13092000000;4826000000;2728000000;270100000;1932000000;64162000000;76692000000;33877000000;39,162388;1,57;589,8699951;1,59E+11;24,94419618
DELL;30.04.2026 00:00;43842000000;7782000000;3762000000;649000000;4081000000;31161000000;70607000000;74598000000;28,601158;0,7;208,9499969;1,36E+11;40,85879714
DSY.PA;30.06.2026 00:00;1555800000;1308200000;358300000;1320600000;288300000;3377700000;7907400000;3976400000;21,865978;3,31;17,81500053;23526489700;6,60603565
DTE.DE;30.06.2026 00:00;29736000000;18781000000;7072000000;4814000000;10242000000;1,44E+11;39339000000;38075000000;15,94382;2,2;23,85000038;1,15E+11;7,247190909
EBAY;30.06.2026 00:00;3134000000;2302000000;676000000;445000000;523000000;7130000000;6003000000;5892000000;22,116314;1,5;111,75;49728750000;14,74420933
EMR;30.06.2026 00:00;4873000000;2655000000;1108000000;558800000;1424000000;13255000000;9655000000;10772000000;33,384026;1,7;143,1499939;79992216591;19,63766235
ENTG;30.06.2026 00:00;883200000;420000000;159800000;152800000;156200000;3560000000;1784900000;585400000;68,92462;1,13;179,8600006;27482608092;60,99523894
ERIC-B.ST;30.06.2026 00:00;52691000000;24122000000;6120000000;3313000000;1932000000;39478000000;1,47E+11;1,31E+11;13,208673;1,93;108,1500015;3,58E+11;6,843872021
ESTC;30.04.2026 00:00;450681000;339621000;-16411000;104256173;152710000;591563000;2023263000;1204921000;24,94282;1,37;46,43000031;4840614145;18,20643796
ETN;30.06.2026 00:00;8531000000;2855000000;1392000000;388500000;1127000000;21326000000;14772000000;11909000000;40,95687;2,37;426,1199951;1,66E+11;17,28137975
ETSY;30.06.2026 00:00;668313000;484045000;125268000;94358000;40555000;3075807000;1875274000;1270311000;25,447948;0,89;75,33000183;7107988313;28,5932
FORM;30.06.2026 00:00;258242000;130922000;62658000;78036000;61803000;29912000;669509000;164165000;69,75862;1,39;159,9299927;12480296910;50,18605755
FTNT;30.06.2026 00:00;2047900000;1643200000;689300000;733100000;1043600000;496900000;6208300000;4840800000;55,9046;1,78;153,6199951;1,13E+11;31,40707865
GE;30.06.2026 00:00;13348000000;4151000000;2560000000;1040000000;3195000000;19157000000;39696000000;40428000000;38,994167;4,23;373,730011;3,89E+11;9,218479196
GEN;30.06.2026 00:00;1336000000;1029000000;475000000;599000000;434000000;8176000000;1268000000;2722000000;17,94152;1,51;24,88999939;14909109635;11,88180132
GFS;30.06.2026 00:00;1786000000;505000000;174000000;549000000;405000000;1678000000;5468000000;2209000000;35,25;0,66;82,41000366;45243092009;53,40909091
GLW;30.06.2026 00:00;4505000000;1628000000;698000000;862000000;1717000000;9379000000;10917000000;6021000000;68,07727;0,87;255,4299927;2,20E+11;78,24973563
GOOG;30.06.2026 00:00;1,20E+11;73853000000;40770000000;12151000000;39069000000;1,13E+11;3,44E+11;1,26E+11;16,570406;1,23;353,3299866;4,29E+12;13,4718748
GPN;30.06.2026 00:00;3320791000;2026912000;337121000;259420000;662619000;23555090000;11669831000;14153798000;43,502373;0,22;72,55999756;18823514567;197,7380591
GRMN;30.06.2026 00:00;2022092000;1262022000;615508000;192836000;403556000;177957000;6308612000;2083173000;28,503094;2,93;237,5399933;45806262148;9,72801843
HON;30.06.2026 00:00;9719000000;3653000000;1785000000;317100000;1276000000;33988000000;28079000000;23194000000;7,9599237;3,39;223,8999939;70998688066;2,348060088
HPE;30.04.2026 00:00;10678000000;3900000000;825000000;1335000000;1410000000;21246000000;29359000000;26975000000;48,178658;0,85;28,77000046;38407950614;56,68077412
HPQ;30.04.2026 00:00;14408000000;3016000000;981000000;922000000;926000000;10864000000;23984000000;30206000000;12,209924;3,21;20,86000061;19232920562;3,803714642
HUBS;30.06.2026 00:00;911740000;750861000;44395000;50569000;222755000;236914000;2127494000;1543646000;89,256226;0,31;182,5099945;9229347912;287,9233097
IBM;30.06.2026 00:00;17162000000;9907000000;2845000000;941192024;2597000000;65272000000;28398000000;35912000000;20,47546;2,19;281,2099915;2,65E+11;9,349525114
IFX.DE;30.06.2026 00:00;4172000000;1703000000;594000000;1304000000;1114000000;7241000000;10289000000;5954000000;70,14634;0,49;81,66999817;1,06E+11;143,1557959
INTU;30.04.2026 00:00;8558000000;7184000000;4020000000;276000000;5300000000;6900000000;17837000000;12276000000;20,227163;1,09;388,5;1,07E+11;18,55703028
JBL;31.05.2026 00:00;8751000000;828000000;456000000;105300000;535000000;3892000000;18158000000;18511000000;38,867794;0,82;359,9700012;37904841126;47,39974878
JD;31.03.2026 00:00;3,16E+11;53027000000;3807000000;1370000000;555000000;1,08E+11;3,65E+11;3,09E+11;18,832214;0,51;29,56999969;40510899575;36,9259098
KEYS;30.04.2026 00:00;1717000000;1178000000;407000000;171000000;501000000;2759000000;5042000000;2649000000;44,346416;0,63;349,9100037;59834610633;70,39113651
KLAC;30.06.2026 00:00;3657556000;2244448000;1553948000;1306517000;906430000;6151713000;12381790000;4304927000;50,152588;1,63;301,7099915;3,94E+11;30,7684589
LOGI;30.06.2026 00:00;1227234000;607940000;259121000;143495000;166708000;84388000;3121243000;1350464000;18,7578;1,8;94,04000092;13494269932;10,421
LRCX;30.06.2026 00:00;6722238000;3478740000;2513488000;1251286000;1457228000;3734563000;15610705000;5937249000;52,1359;1,35;433,3299866;5,42E+11;38,61918519
LULU;30.04.2026 00:00;2471603000;1338818000;276946000;115414000;214440000;2136008000;3994575000;1794316000;8,260091;0,92;137,6999969;15892507442;8,978359783
MA;30.06.2026 00:00;9277000000;7330000000;5728000000;882000000;3773000000;24643000000;26522000000;25004000000;32,039776;1,52;513,5999756;4,53E+11;21,0788
MCHP;30.06.2026 00:00;1484700000;938900000;355700000;542500000;511500000;5398700000;2486200000;1294400000;109,161766;0,21;91,19999695;49475998345;519,8179333
MDB;30.04.2026 00:00;687616000;496175000;-24804000;80357498;201631000;30427000;3059618000;618179000;514,274;1,67;250,8300018;20156071368;307,948503
META;30.06.2026 00:00;60801000000;49471000000;18775000000;2543000000;31862000000;1,12E+11;1,25E+11;56379000000;22,289837;0,77;563,289978;1,43E+12;28,94784026
MMM;30.06.2026 00:00;6500000000;2683000000;1320000000;519700000;986000000;12551000000;14112000000;11379000000;30,00532;1,61;161,9100037;84144628923;18,63684472
MPWR;30.06.2026 00:00;980642000;541070000;303894000;49138000;227906000;18934000;2477386000;497934000;74,189865;0,92;1382,359985;67926404943;80,64115761
MRVL;30.04.2026 00:00;2417800000;1260800000;350100000;882000000;638800000;5277200000;7464000000;2276800000;71,590164;1,12;165,1499939;1,46E+11;63,91978929
MSFT;30.06.2026 00:00;90007000000;60482000000;40603000000;7427000000;55441000000;56826000000;2,08E+11;1,69E+11;27,939312;1,63;373,019989;2,77E+12;17,14068221
MU;31.05.2026 00:00;41456000000;35056000000;33318000000;1128000000;25388000000;6376000000;66737000000;19488000000;22,534222;0,14;1035,5;1,17E+12;160,9587286
NFLX;30.06.2026 00:00;12559938000;6522973000;4192610000;4189303000;1743812000;14309306000;13853303000;12134898000;25,50631;1,49;71,40000153;2,99E+11;17,11832886
NOKIA.HE;30.06.2026 00:00;4815000000;2146000000;-50000000;5597472000;-620000000;3359000000;14757000000;9805000000;71,86667;0,84;11,55500031;64678790695;85,55555952
NOW;30.06.2026 00:00;3987000000;2818000000;162000000;1031000000;587000000;8453000000;8514000000;12153000000;89,296875;1,03;99,27999878;1,02E+11;86,69599515
NTAP;30.04.2026 00:00;1948000000;1365000000;531000000;197000000;950000000;2733000000;5776000000;4021000000;26,384747;2,06;110,7699966;21821689330;12,80812961
NTES;31.03.2026 00:00;30591281000;21217072000;12656833000;639624600;13733071000;10955460000;1,89E+11;57437159000;16,203678;1,2;111,9400024;71599579259;13,503065
NVDA;30.04.2026 00:00;81615000000;61157000000;53536000000;24286000000;50344000000;12348000000;1,51E+11;43884000000;29,63924;0,56;199,5700073;4,85E+12;52,92721429
NXPI;30.06.2026 00:00;3496000000;2002000000;1076000000;2524150000;860000000;10976000000;7684000000;3766000000;19,7422;0,44;281,0299988;7,09E+11;44,86863636
OKTA;30.04.2026 00:00;765000000;595000000;56000000;176129000;277000000;411000000;3306000000;2312000000;104,35151;1,38;73,65000153;12971901119;75,61703623
ON;30.06.2026 00:00;1603500000;616300000;299800000;390300000;459700000;4482700000;7281800000;2101900000;48,79739;0,16;94,54000092;36898962359;304,9836875
ONTO;30.06.2026 00:00;343129000;183254000;67311000;49412000;61507000;1471731000;2641941000;271645000;100,390564;0,73;378,4500122;18699972003;137,5213205
ORCL;31.05.2026 00:00;19184000000;12513000000;6955000000;2878000000;14620000000;1,56E+11;46567000000;41764000000;25,6737;0,8;248,1499939;7,14E+11;32,092125
PANW;30.04.2026 00:00;3002000000;2028000000;-183000000;801000000;871000000;2071000000;7713000000;9006000000;288,19827;4,01;179,3200073;1,44E+11;71,86989277
PATH;30.04.2026 00:00;418382000;341454000;27987000;523584000;131928000;83003000;1918362000;831666000;23,335821;0,65;10,30000019;5392915299;35,90126308
PDD;31.03.2026 00:00;1,06E+11;59336000000;19566000000;1404000000;16445000000;5122000000;5,37E+11;2,12E+11;8,894336;0,73;102,1800003;1,43E+11;12,18402192
PINS;30.06.2026 00:00;1179654000;922300000;-40863000;562913000;292885000;1196635000;2323347000;609811000;59,82353;0,29;21,03000069;11838060778;206,2880345
